tablename,position,columnname,datatype,nullable,keytype,referencestable
account,1,accountid,integer,NO,PK,
account,2,accountname,character varying(200),NO,,
account,3,companycode,character varying(20),NO,,
account,4,address1,character varying(200),YES,,
account,5,city,character varying(100),YES,,
account,6,state,character varying(2),YES,,
account,7,zip,character varying(10),YES,,
account,8,accounttype,character varying(30),NO,,
account,9,status,character varying(20),NO,,
account,10,startdate,date,YES,,
account,11,enddate,date,YES,,
account_admin,1,adminid,integer,NO,PK,
account_admin,2,adminname,character varying(200),NO,,
account_admin,3,phone,character varying(30),YES,,
account_admin,4,emailaddress,character varying(200),YES,,
account_admin,5,specialty,character varying(50),YES,,
account_admin_assignment,1,accountid,integer,NO,"PK,FK",account
account_admin_assignment,2,adminid,integer,NO,"PK,FK",account_admin
account_admin_assignment,3,productline,character varying(20),NO,PK,
account_admin_assignment,4,roletype,character varying(30),YES,,
account_admin_assignment,5,startdate,date,YES,,
account_admin_assignment,6,enddate,date,YES,,
account_alias,1,aliasid,integer,NO,PK,
account_alias,2,accountid,integer,NO,FK,account
account_alias,3,sourcesystem,character varying(50),NO,,
account_alias,4,sourcerecordid,character varying(50),YES,,
account_alias,5,aliasname,character varying(200),YES,,
account_alias,6,aliasaddress,character varying(200),YES,,
account_alias,7,duplicateflag,character varying(1),YES,,
account_alias,8,datereceived,date,YES,,
account_billing_account,1,accountid,integer,NO,"PK,FK",account
account_billing_account,2,billingaccountid,integer,NO,"PK,FK",billing_account
account_billing_account,3,productline,character varying(20),NO,PK,
account_billing_account,4,employeeclass,character varying(30),YES,,
account_billing_account,5,relationshiptype,character varying(30),YES,,
account_billing_account,6,startdate,date,YES,,
account_billing_account,7,enddate,date,YES,,
account_geography,1,accountid,integer,NO,"PK,FK",account
account_geography,2,geographyid,integer,NO,"PK,FK",geographic_area
account_geography,3,relationshiptype,character varying(30),NO,PK,
account_geography,4,startdate,date,YES,,
account_geography,5,enddate,date,YES,,
account_manager_contract,1,accountid,integer,NO,"PK,FK",account
account_manager_contract,2,managercontractid,integer,NO,"PK,FK",manager_contract
account_manager_contract,3,roletype,character varying(30),NO,PK,
account_manager_contract,4,startdate,date,YES,,
account_manager_contract,5,enddate,date,YES,,
account_member,1,accountid,integer,NO,"PK,FK",account
account_member,2,customerid,integer,NO,"PK,FK",customer
account_member,3,startdate,date,NO,PK,
account_member,4,employmenttype,character varying(30),YES,,
account_member,5,status,character varying(20),YES,,
account_member,6,enddate,date,YES,,
account_relationship,1,masteraccountid,integer,NO,"PK,FK",account
account_relationship,2,memberaccountid,integer,NO,"PK,FK",account
account_relationship,3,relationshiptype,character varying(30),NO,PK,
account_relationship,4,startdate,date,YES,,
account_relationship,5,enddate,date,YES,,
associate,1,associateid,integer,NO,PK,
associate,2,assoclastname,character varying(100),YES,,
associate,3,assocfirstname,character varying(100),YES,,
associate,4,assocdob,date,YES,,
associate,5,tenuredate,date,YES,,
associate,6,status,character varying(20),NO,,
associate_relationship,1,associateid,integer,NO,"PK,FK",associate
associate_relationship,2,relatedassociateid,integer,NO,"PK,FK",associate
associate_relationship,3,relationshiptype,character varying(30),NO,PK,
associate_relationship,4,startdate,date,YES,,
associate_relationship,5,enddate,date,YES,,
billing_account,1,billingaccountid,integer,NO,PK,
billing_account,2,billingname,character varying(200),NO,,
billing_account,3,billingaddress1,character varying(200),YES,,
billing_account,4,billingcity,character varying(100),YES,,
billing_account,5,billingstate,character varying(2),YES,,
billing_account,6,billingzip,character varying(10),YES,,
billing_account,7,status,character varying(20),NO,,
contract,1,contractid,integer,NO,PK,
contract,2,contractnumber,character varying(50),NO,,
contract,3,accountid,integer,NO,FK,account
contract,4,lineofbusiness,character varying(30),YES,,
contract,5,planname,character varying(100),YES,,
contract,6,status,character varying(20),NO,,
contract,7,effectivedate,date,YES,,
contract,8,enddate,date,YES,,
contract_benefit,1,benefitid,integer,NO,PK,
contract_benefit,2,contractid,integer,NO,FK,contract
contract_benefit,3,benefitname,character varying(100),NO,,
contract_benefit,4,benefittype,character varying(30),YES,,
contract_benefit,5,effectivedate,date,YES,,
contract_benefit,6,enddate,date,YES,,
contract_premium,1,premiumid,integer,NO,PK,
contract_premium,2,benefitid,integer,NO,FK,contract_benefit
contract_premium,3,managercontractid,integer,YES,FK,manager_contract
contract_premium,4,annualizedpremium,"numeric(14,2)",YES,,
contract_premium,5,yearnumber,integer,YES,,
contract_premium,6,effectivedate,date,YES,,
contract_premium,7,enddate,date,YES,,
customer,1,customerid,integer,NO,PK,
customer,2,custlastname,character varying(100),YES,,
customer,3,custfirstname,character varying(100),YES,,
customer,4,custdob,date,YES,,
customer,5,customertype,character varying(20),NO,,
customer,6,ssn_tin,character varying(20),YES,,
customer,7,status,character varying(20),NO,,
customer_associate_role,1,customerid,integer,NO,"PK,FK",customer
customer_associate_role,2,associateid,integer,NO,"PK,FK",associate
customer_associate_role,3,roletype,character varying(30),NO,PK,
customer_associate_role,4,startdate,date,YES,,
customer_associate_role,5,enddate,date,YES,,
customer_benefit_role,1,customerid,integer,NO,"PK,FK",customer
customer_benefit_role,2,benefitid,integer,NO,"PK,FK",contract_benefit
customer_benefit_role,3,roletype,character varying(30),NO,PK,
customer_benefit_role,4,startdate,date,YES,,
customer_benefit_role,5,enddate,date,YES,,
customer_contract_role,1,customerid,integer,NO,"PK,FK",customer
customer_contract_role,2,contractid,integer,NO,"PK,FK",contract
customer_contract_role,3,roletype,character varying(30),NO,PK,
customer_contract_role,4,startdate,date,YES,,
customer_contract_role,5,enddate,date,YES,,
customer_relationship,1,customerid,integer,NO,"PK,FK",customer
customer_relationship,2,relatedcustomerid,integer,NO,"PK,FK",customer
customer_relationship,3,relationshiptype,character varying(30),NO,PK,
customer_relationship,4,startdate,date,YES,,
customer_relationship,5,enddate,date,YES,,
data_asset,1,assetid,integer,NO,PK,
data_asset,2,datasetid,character varying(10),YES,FK,dataset
data_asset,3,filename,character varying(200),NO,,
data_asset,4,relativepath,character varying(300),YES,,
data_asset,5,clouduri,character varying(500),YES,,
data_asset,6,fileformat,character varying(20),YES,,
data_asset,7,assettype,character varying(30),YES,,
data_asset,8,filesizebytes,bigint,YES,,
data_asset,9,rowcount,integer,YES,,
data_asset,10,columncount,integer,YES,,
data_asset,11,sha256,character(64),YES,,
data_asset,12,schemaversion,character varying(20),YES,,
data_asset,13,ingestiondate,date,YES,,
data_asset,14,status,character varying(20),YES,,
dataset,1,datasetid,character varying(10),NO,PK,
dataset,2,datasetname,character varying(200),NO,,
dataset,3,sourceorganization,character varying(200),NO,,
dataset,4,sourceurl,character varying(500),YES,,
dataset,5,dataclassification,character varying(50),YES,,
dataset,6,geographiclevel,character varying(50),YES,,
dataset,7,timeperiod,character varying(50),YES,,
dataset,8,updatefrequency,character varying(50),YES,,
dataset,9,licensetext,character varying(200),YES,,
dataset,10,storagezone,character varying(100),YES,,
dataset,11,ingestiondate,date,YES,,
dataset,12,status,character varying(20),YES,,
geographic_area,1,geographyid,integer,NO,PK,
geographic_area,2,parentgeographyid,integer,YES,FK,geographic_area
geographic_area,3,geographytype,character varying(20),NO,,
geographic_area,4,geographyname,character varying(150),NO,,
geographic_area,5,statecode,character varying(2),YES,,
geographic_area,6,countyfips,character varying(5),YES,,
geographic_area,7,zcta,character varying(5),YES,,
geographic_area,8,countrycode,character varying(2),YES,,
health_indicator,1,indicatorid,integer,NO,PK,
health_indicator,2,indicatorcode,character varying(30),NO,,
health_indicator,3,indicatorname,character varying(300),NO,,
health_indicator,4,diseasecategory,character varying(100),YES,,
health_indicator,5,factorcategory,character varying(100),YES,,
health_indicator,6,unit,character varying(30),YES,,
health_indicator,7,description,character varying(500),YES,,
health_observation,1,observationid,integer,NO,PK,
health_observation,2,datasetid,character varying(10),NO,FK,dataset
health_observation,3,geographyid,integer,NO,FK,geographic_area
health_observation,4,indicatorid,integer,NO,FK,health_indicator
health_observation,5,observationyear,integer,YES,,
health_observation,6,populationgroup,character varying(50),YES,,
health_observation,7,stratificationtype,character varying(50),YES,,
health_observation,8,stratificationvalue,character varying(50),YES,,
health_observation,9,measurevalue,"numeric(12,4)",YES,,
health_observation,10,lowerconfidencelimit,"numeric(12,4)",YES,,
health_observation,11,upperconfidencelimit,"numeric(12,4)",YES,,
health_observation,12,notes,character varying(200),YES,,
manager_contract,1,managercontractid,integer,NO,PK,
manager_contract,2,associateid,integer,NO,FK,associate
manager_contract,3,writingnumber,character varying(30),NO,,
manager_contract,4,sitcode,character varying(30),NO,,
manager_contract,5,primarysitcodeflag,character varying(1),YES,,
manager_contract,6,commissionchaincode,character varying(30),YES,,
manager_contract,7,productioncreditregion,character varying(30),YES,,
manager_contract,8,issuedate,date,YES,,
manager_contract,9,status,character varying(20),NO,,
