ObservationID,DatasetID,GeographyID,IndicatorID,ObservationYear,PopulationGroup,StratificationType,StratificationValue,MeasureValue,LowerConfidenceLimit,UpperConfidenceLimit,Notes
1,DS001,3110,37,2023,Adults 18+,Overall,Overall,10.2,7.6,13.0,"Crude prevalence, county level"
2,DS001,3485,37,2023,Adults 18+,Overall,Overall,14.4,11.5,17.9,"Crude prevalence, county level"
3,DS001,2159,37,2023,Adults 18+,Overall,Overall,7.8,6.1,9.7,"Crude prevalence, county level"
4,DS001,2461,37,2023,Adults 18+,Overall,Overall,11.0,8.4,13.9,"Crude prevalence, county level"
5,DS001,3338,37,2023,Adults 18+,Overall,Overall,12.2,9.9,14.8,"Crude prevalence, county level"
6,DS001,2272,37,2023,Adults 18+,Overall,Overall,7.3,5.4,9.5,"Crude prevalence, county level"
7,DS001,3918,37,2023,Adults 18+,Overall,Overall,9.6,7.3,12.3,"Crude prevalence, county level"
8,DS001,3434,37,2023,Adults 18+,Overall,Overall,10.2,7.9,13.2,"Crude prevalence, county level"
9,DS001,2933,1,2023,Adults 18+,Overall,Overall,34.4,30.6,38.3,"Crude prevalence, county level"
10,DS001,3450,1,2023,Adults 18+,Overall,Overall,35.1,31.2,38.9,"Crude prevalence, county level"
11,DS001,1847,1,2023,Adults 18+,Overall,Overall,26.5,23.8,29.2,"Crude prevalence, county level"
12,DS001,2348,1,2023,Adults 18+,Overall,Overall,28.1,24.8,31.6,"Crude prevalence, county level"
13,DS001,3315,1,2023,Adults 18+,Overall,Overall,28.7,25.7,31.8,"Crude prevalence, county level"
14,DS001,2411,1,2023,Adults 18+,Overall,Overall,32.6,29.1,36.2,"Crude prevalence, county level"
15,DS001,3950,1,2023,Adults 18+,Overall,Overall,29.7,26.5,33.0,"Crude prevalence, county level"
16,DS001,3337,1,2023,Adults 18+,Overall,Overall,33.7,30.1,37.4,"Crude prevalence, county level"
17,DS001,3138,9,2023,Adults 18+,Overall,Overall,12.9,10.4,15.6,"Crude prevalence, county level"
18,DS001,3579,9,2023,Adults 18+,Overall,Overall,14.6,11.7,17.7,"Crude prevalence, county level"
19,DS001,2221,9,2023,Adults 18+,Overall,Overall,17.0,14.6,19.5,"Crude prevalence, county level"
20,DS001,2440,9,2023,Adults 18+,Overall,Overall,12.4,10.1,15.0,"Crude prevalence, county level"
21,DS001,3405,9,2023,Adults 18+,Overall,Overall,17.0,13.9,20.4,"Crude prevalence, county level"
22,DS001,2286,9,2023,Adults 18+,Overall,Overall,16.1,13.2,19.3,"Crude prevalence, county level"
23,DS001,3822,9,2023,Adults 18+,Overall,Overall,11.6,9.5,13.9,"Crude prevalence, county level"
24,DS001,3313,9,2023,Adults 18+,Overall,Overall,18.2,15.1,21.7,"Crude prevalence, county level"
25,DS001,3129,10,2023,Adults 18+,Overall,Overall,37.1,33.1,41.1,"Crude prevalence, county level"
26,DS001,3452,10,2023,Adults 18+,Overall,Overall,42.6,38.2,47.1,"Crude prevalence, county level"
27,DS001,1927,10,2023,Adults 18+,Overall,Overall,33.7,29.5,37.6,"Crude prevalence, county level"
28,DS001,2289,10,2023,Adults 18+,Overall,Overall,40.2,36.2,44.8,"Crude prevalence, county level"
29,DS001,3319,10,2023,Adults 18+,Overall,Overall,38.9,36.0,42.0,"Crude prevalence, county level"
30,DS001,2349,10,2023,Adults 18+,Overall,Overall,33.4,29.5,37.2,"Crude prevalence, county level"
31,DS001,3836,10,2023,Adults 18+,Overall,Overall,43.6,39.2,48.2,"Crude prevalence, county level"
32,DS001,3164,10,2023,Adults 18+,Overall,Overall,43.0,38.8,47.4,"Crude prevalence, county level"
33,DS001,3076,24,2023,Adults 18+,Overall,Overall,80.0,77.5,82.3,"Crude prevalence, county level"
34,DS001,3658,24,2023,Adults 18+,Overall,Overall,82.0,79.4,84.2,"Crude prevalence, county level"
35,DS001,1950,24,2023,Adults 18+,Overall,Overall,79.5,76.5,82.2,"Crude prevalence, county level"
36,DS001,2393,24,2023,Adults 18+,Overall,Overall,80.6,77.3,83.7,"Crude prevalence, county level"
37,DS001,3187,24,2023,Adults 18+,Overall,Overall,76.4,73.9,78.6,"Crude prevalence, county level"
38,DS001,2472,24,2023,Adults 18+,Overall,Overall,79.8,77.1,82.3,"Crude prevalence, county level"
39,DS001,3880,24,2023,Adults 18+,Overall,Overall,83.9,81.3,86.2,"Crude prevalence, county level"
40,DS001,3406,24,2023,Adults 18+,Overall,Overall,77.2,73.9,80.2,"Crude prevalence, county level"
41,DS001,3103,32,2023,Adults 18+,Overall,Overall,9.7,8.7,10.7,"Crude prevalence, county level"
42,DS001,3598,32,2023,Adults 18+,Overall,Overall,8.2,7.4,9.1,"Crude prevalence, county level"
43,DS001,1988,32,2023,Adults 18+,Overall,Overall,9.8,8.7,10.8,"Crude prevalence, county level"
44,DS001,2259,32,2023,Adults 18+,Overall,Overall,12.2,11.0,13.5,"Crude prevalence, county level"
45,DS001,3229,32,2023,Adults 18+,Overall,Overall,9.5,8.6,10.5,"Crude prevalence, county level"
46,DS001,2442,32,2023,Adults 18+,Overall,Overall,7.7,6.9,8.5,"Crude prevalence, county level"
47,DS001,3737,32,2023,Adults 18+,Overall,Overall,9.0,8.1,10.0,"Crude prevalence, county level"
48,DS001,3243,32,2023,Adults 18+,Overall,Overall,7.6,6.8,8.4,"Crude prevalence, county level"
49,DS001,3134,2,2023,Adults 18+,Overall,Overall,10.4,9.2,11.8,"Crude prevalence, county level"
50,DS001,3599,2,2023,Adults 18+,Overall,Overall,9.6,8.5,10.9,"Crude prevalence, county level"
51,DS001,2209,2,2023,Adults 18+,Overall,Overall,9.2,8.2,10.2,"Crude prevalence, county level"
52,DS001,2373,2,2023,Adults 18+,Overall,Overall,10.1,8.8,11.3,"Crude prevalence, county level"
53,DS001,3399,2,2023,Adults 18+,Overall,Overall,9.6,8.3,10.8,"Crude prevalence, county level"
54,DS001,2343,2,2023,Adults 18+,Overall,Overall,10.0,8.8,11.3,"Crude prevalence, county level"
55,DS001,3736,2,2023,Adults 18+,Overall,Overall,10.5,9.2,11.8,"Crude prevalence, county level"
56,DS001,3442,2,2023,Adults 18+,Overall,Overall,11.3,9.8,12.9,"Crude prevalence, county level"
57,DS001,2989,21,2023,Adults 18+,Overall,Overall,8.6,7.5,9.6,"Crude prevalence, county level"
58,DS001,3535,21,2023,Adults 18+,Overall,Overall,6.5,5.7,7.4,"Crude prevalence, county level"
59,DS001,1993,21,2023,Adults 18+,Overall,Overall,8.9,7.6,10.3,"Crude prevalence, county level"
60,DS001,2292,21,2023,Adults 18+,Overall,Overall,11.2,9.7,13.0,"Crude prevalence, county level"
61,DS001,3175,21,2023,Adults 18+,Overall,Overall,8.5,7.5,9.6,"Crude prevalence, county level"
62,DS001,2361,21,2023,Adults 18+,Overall,Overall,8.3,7.2,9.4,"Crude prevalence, county level"
63,DS001,3927,21,2023,Adults 18+,Overall,Overall,4.4,3.9,5.0,"Crude prevalence, county level"
64,DS001,3367,21,2023,Adults 18+,Overall,Overall,8.1,7.0,9.2,"Crude prevalence, county level"
65,DS001,3089,23,2023,Adults 18+,Overall,Overall,79.2,75.8,82.3,"Crude prevalence, county level"
66,DS001,3578,23,2023,Adults 18+,Overall,Overall,74.3,70.3,77.9,"Crude prevalence, county level"
67,DS001,2160,23,2023,Adults 18+,Overall,Overall,83.4,80.3,86.2,"Crude prevalence, county level"
68,DS001,2301,23,2023,Adults 18+,Overall,Overall,81.1,77.9,84.2,"Crude prevalence, county level"
69,DS001,3320,23,2023,Adults 18+,Overall,Overall,82.4,79.2,85.3,"Crude prevalence, county level"
70,DS001,2391,23,2023,Adults 18+,Overall,Overall,76.3,72.5,79.9,"Crude prevalence, county level"
71,DS001,3916,23,2023,Adults 18+,Overall,Overall,80.5,76.8,83.9,"Crude prevalence, county level"
72,DS001,3361,23,2023,Adults 18+,Overall,Overall,81.4,77.8,84.5,"Crude prevalence, county level"
73,DS001,3125,39,2023,Adults 18+,Overall,Overall,86.0,83.7,88.0,"Crude prevalence, county level"
74,DS001,3611,39,2023,Adults 18+,Overall,Overall,86.7,84.8,88.5,"Crude prevalence, county level"
75,DS001,2145,39,2023,Adults 18+,Overall,Overall,81.4,78.4,84.4,"Crude prevalence, county level"
76,DS001,2275,39,2023,Adults 18+,Overall,Overall,86.8,84.8,88.6,"Crude prevalence, county level"
77,DS001,3168,39,2023,Adults 18+,Overall,Overall,84.3,82.1,86.5,"Crude prevalence, county level"
78,DS001,2331,39,2023,Adults 18+,Overall,Overall,89.0,87.2,90.6,"Crude prevalence, county level"
79,DS001,3929,39,2023,Adults 18+,Overall,Overall,83.8,81.0,86.4,"Crude prevalence, county level"
80,DS001,3189,39,2023,Adults 18+,Overall,Overall,86.1,83.9,88.0,"Crude prevalence, county level"
81,DS001,3012,38,2023,Adults 18+,Overall,Overall,12.5,10.7,14.5,"Crude prevalence, county level"
82,DS001,3701,38,2023,Adults 18+,Overall,Overall,18.2,15.7,21.0,"Crude prevalence, county level"
83,DS001,2142,38,2023,Adults 18+,Overall,Overall,16.8,14.4,19.6,"Crude prevalence, county level"
84,DS001,2376,38,2023,Adults 18+,Overall,Overall,12.8,10.9,15.0,"Crude prevalence, county level"
85,DS001,3418,38,2023,Adults 18+,Overall,Overall,16.2,13.9,18.6,"Crude prevalence, county level"
86,DS001,2462,38,2023,Adults 18+,Overall,Overall,21.9,18.7,25.3,"Crude prevalence, county level"
87,DS001,3860,38,2023,Adults 18+,Overall,Overall,15.1,12.6,17.5,"Crude prevalence, county level"
88,DS001,3229,38,2023,Adults 18+,Overall,Overall,15.5,13.2,17.9,"Crude prevalence, county level"
89,DS001,3980,17,2022,Adults 18+,Overall,Overall,69.4,65.0,73.6,"Crude prevalence, county level"
90,DS001,3975,17,2022,Adults 18+,Overall,Overall,63.0,58.9,67.2,"Crude prevalence, county level"
91,DS001,2141,17,2022,Adults 18+,Overall,Overall,64.7,59.0,69.3,"Crude prevalence, county level"
92,DS001,2951,17,2022,Adults 18+,Overall,Overall,62.7,57.1,67.9,"Crude prevalence, county level"
93,DS001,4099,17,2022,Adults 18+,Overall,Overall,67.7,62.8,72.3,"Crude prevalence, county level"
94,DS001,3345,17,2022,Adults 18+,Overall,Overall,67.7,63.3,71.8,"Crude prevalence, county level"
95,DS001,2461,17,2022,Adults 18+,Overall,Overall,59.3,53.8,64.6,"Crude prevalence, county level"
96,DS001,3442,17,2022,Adults 18+,Overall,Overall,62.0,56.4,67.5,"Crude prevalence, county level"
97,DS001,3122,19,2023,Adults 18+,Overall,Overall,10.2,8.6,12.2,"Crude prevalence, county level"
98,DS001,3724,19,2023,Adults 18+,Overall,Overall,7.8,6.5,9.2,"Crude prevalence, county level"
99,DS001,2185,19,2023,Adults 18+,Overall,Overall,8.6,6.9,10.5,"Crude prevalence, county level"
100,DS001,2319,19,2023,Adults 18+,Overall,Overall,6.9,5.9,8.2,"Crude prevalence, county level"
101,DS001,3425,19,2023,Adults 18+,Overall,Overall,7.1,5.8,8.6,"Crude prevalence, county level"
102,DS001,2365,19,2023,Adults 18+,Overall,Overall,6.7,5.5,8.1,"Crude prevalence, county level"
103,DS001,3753,19,2023,Adults 18+,Overall,Overall,10.7,9.0,12.5,"Crude prevalence, county level"
104,DS001,3234,19,2023,Adults 18+,Overall,Overall,8.9,7.5,10.4,"Crude prevalence, county level"
105,DS001,3016,25,2023,Adults 18+,Overall,Overall,15.2,12.3,18.5,"Crude prevalence, county level"
106,DS001,3594,25,2023,Adults 18+,Overall,Overall,12.6,10.3,15.1,"Crude prevalence, county level"
107,DS001,2196,25,2023,Adults 18+,Overall,Overall,10.6,8.5,13.0,"Crude prevalence, county level"
108,DS001,2379,25,2023,Adults 18+,Overall,Overall,16.3,13.3,19.5,"Crude prevalence, county level"
109,DS001,3444,25,2023,Adults 18+,Overall,Overall,23.9,20.2,28.5,"Crude prevalence, county level"
110,DS001,2369,25,2023,Adults 18+,Overall,Overall,15.9,12.9,19.0,"Crude prevalence, county level"
111,DS001,3760,25,2023,Adults 18+,Overall,Overall,16.2,13.5,18.9,"Crude prevalence, county level"
112,DS001,3370,25,2023,Adults 18+,Overall,Overall,16.4,13.1,19.9,"Crude prevalence, county level"
113,DS001,4027,34,2022,Adults 18+,Overall,Overall,54.2,50.0,58.2,"Crude prevalence, county level"
114,DS001,4087,34,2022,Adults 18+,Overall,Overall,60.3,56.6,64.0,"Crude prevalence, county level"
115,DS001,2155,34,2022,Adults 18+,Overall,Overall,49.6,45.5,53.6,"Crude prevalence, county level"
116,DS001,2949,34,2022,Adults 18+,Overall,Overall,63.0,59.3,66.7,"Crude prevalence, county level"
117,DS001,3965,34,2022,Adults 18+,Overall,Overall,54.5,51.0,58.0,"Crude prevalence, county level"
118,DS001,3222,34,2022,Adults 18+,Overall,Overall,59.7,55.8,63.4,"Crude prevalence, county level"
119,DS001,2364,34,2022,Adults 18+,Overall,Overall,66.0,62.6,69.3,"Crude prevalence, county level"
120,DS001,3278,34,2022,Adults 18+,Overall,Overall,60.5,56.7,64.4,"Crude prevalence, county level"
121,DS001,3099,7,2023,Adults 18+,Overall,Overall,25.3,21.7,29.0,"Crude prevalence, county level"
122,DS001,3510,7,2023,Adults 18+,Overall,Overall,29.0,24.9,33.4,"Crude prevalence, county level"
123,DS001,1764,7,2023,Adults 18+,Overall,Overall,25.5,21.8,29.6,"Crude prevalence, county level"
124,DS001,2395,7,2023,Adults 18+,Overall,Overall,25.3,21.7,29.1,"Crude prevalence, county level"
125,DS001,3370,7,2023,Adults 18+,Overall,Overall,20.3,17.1,23.9,"Crude prevalence, county level"
126,DS001,2356,7,2023,Adults 18+,Overall,Overall,23.1,19.5,26.8,"Crude prevalence, county level"
127,DS001,3816,7,2023,Adults 18+,Overall,Overall,26.2,22.9,29.6,"Crude prevalence, county level"
128,DS001,3439,7,2023,Adults 18+,Overall,Overall,31.5,27.4,36.0,"Crude prevalence, county level"
129,DS001,3025,6,2023,Adults 18+,Overall,Overall,12.8,10.6,14.8,"Crude prevalence, county level"
130,DS001,3549,6,2023,Adults 18+,Overall,Overall,14.0,12.3,15.7,"Crude prevalence, county level"
131,DS001,2128,6,2023,Adults 18+,Overall,Overall,22.8,20.2,26.0,"Crude prevalence, county level"
132,DS001,2419,6,2023,Adults 18+,Overall,Overall,12.4,10.6,14.3,"Crude prevalence, county level"
133,DS001,3328,6,2023,Adults 18+,Overall,Overall,15.0,13.1,17.1,"Crude prevalence, county level"
134,DS001,2435,6,2023,Adults 18+,Overall,Overall,21.8,19.0,24.5,"Crude prevalence, county level"
135,DS001,3738,6,2023,Adults 18+,Overall,Overall,20.0,17.6,22.6,"Crude prevalence, county level"
136,DS001,3434,6,2023,Adults 18+,Overall,Overall,13.4,11.5,15.7,"Crude prevalence, county level"
137,DS001,2934,4,2023,Adults 18+,Overall,Overall,33.8,29.0,38.7,"Crude prevalence, county level"
138,DS001,3705,4,2023,Adults 18+,Overall,Overall,33.3,28.6,38.2,"Crude prevalence, county level"
139,DS001,1741,4,2023,Adults 18+,Overall,Overall,31.3,27.0,36.1,"Crude prevalence, county level"
140,DS001,2441,4,2023,Adults 18+,Overall,Overall,44.5,39.3,50.0,"Crude prevalence, county level"
141,DS001,3343,4,2023,Adults 18+,Overall,Overall,32.2,28.4,36.3,"Crude prevalence, county level"
142,DS001,2368,4,2023,Adults 18+,Overall,Overall,33.2,28.6,37.9,"Crude prevalence, county level"
143,DS001,3957,4,2023,Adults 18+,Overall,Overall,29.0,25.4,32.7,"Crude prevalence, county level"
144,DS001,3181,4,2023,Adults 18+,Overall,Overall,43.4,38.4,48.2,"Crude prevalence, county level"
145,DS001,2301,33,2023,Adults 18+,Overall,Overall,21.0,17.5,25.0,"Crude prevalence, county level"
146,DS001,3999,33,2023,Adults 18+,Overall,Overall,23.4,19.7,27.7,"Crude prevalence, county level"
147,DS001,1161,33,2023,Adults 18+,Overall,Overall,29.9,25.7,34.0,"Crude prevalence, county level"
148,DS001,2307,33,2023,Adults 18+,Overall,Overall,23.1,19.2,27.1,"Crude prevalence, county level"
149,DS001,1310,33,2023,Adults 18+,Overall,Overall,27.7,25.1,30.4,"Crude prevalence, county level"
150,DS001,1537,33,2023,Adults 18+,Overall,Overall,28.6,24.7,33.1,"Crude prevalence, county level"
151,DS001,1510,33,2023,Adults 18+,Overall,Overall,27.5,23.4,31.7,"Crude prevalence, county level"
152,DS001,2547,33,2023,Adults 18+,Overall,Overall,20.0,16.5,24.0,"Crude prevalence, county level"
153,DS001,2412,28,2023,Adults 18+,Overall,Overall,20.1,16.7,23.7,"Crude prevalence, county level"
154,DS001,4007,28,2023,Adults 18+,Overall,Overall,14.7,11.5,18.2,"Crude prevalence, county level"
155,DS001,1148,28,2023,Adults 18+,Overall,Overall,29.0,25.0,33.2,"Crude prevalence, county level"
156,DS001,2279,28,2023,Adults 18+,Overall,Overall,8.8,6.7,11.3,"Crude prevalence, county level"
157,DS001,1430,28,2023,Adults 18+,Overall,Overall,11.2,8.6,14.0,"Crude prevalence, county level"
158,DS001,1629,28,2023,Adults 18+,Overall,Overall,15.4,12.2,19.3,"Crude prevalence, county level"
159,DS001,1694,28,2023,Adults 18+,Overall,Overall,14.1,11.4,17.3,"Crude prevalence, county level"
160,DS001,2597,28,2023,Adults 18+,Overall,Overall,14.6,11.7,17.7,"Crude prevalence, county level"
161,DS001,2449,36,2023,Adults 18+,Overall,Overall,18.4,15.2,21.8,"Crude prevalence, county level"
162,DS001,4034,36,2023,Adults 18+,Overall,Overall,21.5,17.3,26.2,"Crude prevalence, county level"
163,DS001,1031,36,2023,Adults 18+,Overall,Overall,39.3,33.6,45.4,"Crude prevalence, county level"
164,DS001,2285,36,2023,Adults 18+,Overall,Overall,13.6,10.4,16.8,"Crude prevalence, county level"
165,DS001,1243,36,2023,Adults 18+,Overall,Overall,14.0,11.4,16.9,"Crude prevalence, county level"
166,DS001,1591,36,2023,Adults 18+,Overall,Overall,12.8,10.4,15.3,"Crude prevalence, county level"
167,DS001,1655,36,2023,Adults 18+,Overall,Overall,13.8,10.7,17.5,"Crude prevalence, county level"
168,DS001,2603,36,2023,Adults 18+,Overall,Overall,7.1,5.3,9.2,"Crude prevalence, county level"
169,DS001,3143,30,2023,Adults 18+,Overall,Overall,24.1,20.7,27.4,"Crude prevalence, county level"
170,DS001,3603,30,2023,Adults 18+,Overall,Overall,17.0,14.5,19.7,"Crude prevalence, county level"
171,DS001,2127,30,2023,Adults 18+,Overall,Overall,31.0,26.9,35.3,"Crude prevalence, county level"
172,DS001,2466,30,2023,Adults 18+,Overall,Overall,25.4,21.6,29.1,"Crude prevalence, county level"
173,DS001,3331,30,2023,Adults 18+,Overall,Overall,27.6,23.7,31.6,"Crude prevalence, county level"
174,DS001,2433,30,2023,Adults 18+,Overall,Overall,28.0,24.2,31.7,"Crude prevalence, county level"
175,DS001,3836,30,2023,Adults 18+,Overall,Overall,25.3,22.0,29.2,"Crude prevalence, county level"
176,DS001,3176,30,2023,Adults 18+,Overall,Overall,18.5,15.5,21.8,"Crude prevalence, county level"
177,DS001,3143,8,2023,Adults 18+,Overall,Overall,10.5,9.3,11.7,"Crude prevalence, county level"
178,DS001,3635,8,2023,Adults 18+,Overall,Overall,8.4,7.2,9.5,"Crude prevalence, county level"
179,DS001,2209,8,2023,Adults 18+,Overall,Overall,5.3,4.7,6.0,"Crude prevalence, county level"
180,DS001,2414,8,2023,Adults 18+,Overall,Overall,9.8,8.6,11.1,"Crude prevalence, county level"
181,DS001,3200,8,2023,Adults 18+,Overall,Overall,12.2,10.8,13.7,"Crude prevalence, county level"
182,DS001,2454,8,2023,Adults 18+,Overall,Overall,8.5,7.4,9.6,"Crude prevalence, county level"
183,DS001,3921,8,2023,Adults 18+,Overall,Overall,5.6,4.9,6.4,"Crude prevalence, county level"
184,DS001,3184,8,2023,Adults 18+,Overall,Overall,10.5,9.3,11.7,"Crude prevalence, county level"
185,DS001,3123,15,2023,Adults 18+,Overall,Overall,36.4,32.6,40.1,"Crude prevalence, county level"
186,DS001,3628,15,2023,Adults 18+,Overall,Overall,39.4,34.7,43.9,"Crude prevalence, county level"
187,DS001,2125,15,2023,Adults 18+,Overall,Overall,40.8,36.2,45.5,"Crude prevalence, county level"
188,DS001,2264,15,2023,Adults 18+,Overall,Overall,39.3,34.6,44.0,"Crude prevalence, county level"
189,DS001,3362,15,2023,Adults 18+,Overall,Overall,39.7,35.8,43.8,"Crude prevalence, county level"
190,DS001,2422,15,2023,Adults 18+,Overall,Overall,38.4,33.8,43.1,"Crude prevalence, county level"
191,DS001,3868,15,2023,Adults 18+,Overall,Overall,42.1,37.9,46.4,"Crude prevalence, county level"
192,DS001,3421,15,2023,Adults 18+,Overall,Overall,35.4,30.8,40.0,"Crude prevalence, county level"
193,DS001,2334,26,2023,Adults 18+,Overall,Overall,8.1,6.5,9.8,"Crude prevalence, county level"
194,DS001,4104,26,2023,Adults 18+,Overall,Overall,7.4,5.7,9.2,"Crude prevalence, county level"
195,DS001,1217,26,2023,Adults 18+,Overall,Overall,8.9,7.3,10.7,"Crude prevalence, county level"
196,DS001,2353,26,2023,Adults 18+,Overall,Overall,8.0,6.4,9.8,"Crude prevalence, county level"
197,DS001,1439,26,2023,Adults 18+,Overall,Overall,12.2,10.1,14.5,"Crude prevalence, county level"
198,DS001,1538,26,2023,Adults 18+,Overall,Overall,21.3,18.2,24.6,"Crude prevalence, county level"
199,DS001,1624,26,2023,Adults 18+,Overall,Overall,12.2,9.7,14.7,"Crude prevalence, county level"
200,DS001,2581,26,2023,Adults 18+,Overall,Overall,12.7,10.4,15.1,"Crude prevalence, county level"
201,DS001,3068,20,2023,Adults 18+,Overall,Overall,9.7,8.3,11.3,"Crude prevalence, county level"
202,DS001,3516,20,2023,Adults 18+,Overall,Overall,10.7,9.0,12.4,"Crude prevalence, county level"
203,DS001,2150,20,2023,Adults 18+,Overall,Overall,9.8,8.4,11.3,"Crude prevalence, county level"
204,DS001,2421,20,2023,Adults 18+,Overall,Overall,12.3,10.6,14.0,"Crude prevalence, county level"
205,DS001,3374,20,2023,Adults 18+,Overall,Overall,10.4,8.8,12.1,"Crude prevalence, county level"
206,DS001,2419,20,2023,Adults 18+,Overall,Overall,8.0,6.9,9.2,"Crude prevalence, county level"
207,DS001,3749,20,2023,Adults 18+,Overall,Overall,11.0,9.6,12.5,"Crude prevalence, county level"
208,DS001,3434,20,2023,Adults 18+,Overall,Overall,8.8,7.4,10.4,"Crude prevalence, county level"
209,DS001,2261,31,2023,Adults 18+,Overall,Overall,8.9,7.5,10.5,"Crude prevalence, county level"
210,DS001,4083,31,2023,Adults 18+,Overall,Overall,6.5,5.5,7.7,"Crude prevalence, county level"
211,DS001,1107,31,2023,Adults 18+,Overall,Overall,8.7,7.4,10.1,"Crude prevalence, county level"
212,DS001,2417,31,2023,Adults 18+,Overall,Overall,13.7,11.7,15.9,"Crude prevalence, county level"
213,DS001,1313,31,2023,Adults 18+,Overall,Overall,7.1,6.3,7.9,"Crude prevalence, county level"
214,DS001,1659,31,2023,Adults 18+,Overall,Overall,7.2,6.0,8.5,"Crude prevalence, county level"
215,DS001,1611,31,2023,Adults 18+,Overall,Overall,8.5,6.9,10.2,"Crude prevalence, county level"
216,DS001,2529,31,2023,Adults 18+,Overall,Overall,7.8,6.5,9.2,"Crude prevalence, county level"
217,DS001,2388,35,2023,Adults 18+,Overall,Overall,31.4,27.3,35.7,"Crude prevalence, county level"
218,DS001,4040,35,2023,Adults 18+,Overall,Overall,33.0,27.6,38.7,"Crude prevalence, county level"
219,DS001,1116,35,2023,Adults 18+,Overall,Overall,35.2,30.0,40.5,"Crude prevalence, county level"
220,DS001,2300,35,2023,Adults 18+,Overall,Overall,31.4,26.3,36.9,"Crude prevalence, county level"
221,DS001,1453,35,2023,Adults 18+,Overall,Overall,37.4,32.0,42.8,"Crude prevalence, county level"
222,DS001,1541,35,2023,Adults 18+,Overall,Overall,39.3,33.8,44.9,"Crude prevalence, county level"
223,DS001,1474,35,2023,Adults 18+,Overall,Overall,38.0,31.8,44.8,"Crude prevalence, county level"
224,DS001,2552,35,2023,Adults 18+,Overall,Overall,32.1,26.9,37.8,"Crude prevalence, county level"
225,DS001,3122,18,2023,Adults 18+,Overall,Overall,31.3,26.7,36.3,"Crude prevalence, county level"
226,DS001,3625,18,2023,Adults 18+,Overall,Overall,26.8,23.1,30.8,"Crude prevalence, county level"
227,DS001,2235,18,2023,Adults 18+,Overall,Overall,24.9,20.3,30.1,"Crude prevalence, county level"
228,DS001,2424,18,2023,Adults 18+,Overall,Overall,37.0,31.4,43.0,"Crude prevalence, county level"
229,DS001,3425,18,2023,Adults 18+,Overall,Overall,24.2,19.2,29.6,"Crude prevalence, county level"
230,DS001,2450,18,2023,Adults 18+,Overall,Overall,38.3,32.5,44.3,"Crude prevalence, county level"
231,DS001,3733,18,2023,Adults 18+,Overall,Overall,24.1,19.2,29.1,"Crude prevalence, county level"
232,DS001,3324,18,2023,Adults 18+,Overall,Overall,19.9,16.4,23.9,"Crude prevalence, county level"
233,DS001,4073,22,2022,Adults 18+,Overall,Overall,77.4,69.9,83.4,"Crude prevalence, county level"
234,DS001,4137,22,2022,Adults 18+,Overall,Overall,72.9,65.6,79.2,"Crude prevalence, county level"
235,DS001,2098,22,2022,Adults 18+,Overall,Overall,67.6,58.2,75.5,"Crude prevalence, county level"
236,DS001,3049,22,2022,Adults 18+,Overall,Overall,74.4,67.8,80.2,"Crude prevalence, county level"
237,DS001,4001,22,2022,Adults 18+,Overall,Overall,72.6,64.3,80.5,"Crude prevalence, county level"
238,DS001,3254,22,2022,Adults 18+,Overall,Overall,76.2,68.6,82.2,"Crude prevalence, county level"
239,DS001,2312,22,2022,Adults 18+,Overall,Overall,75.2,67.4,81.8,"Crude prevalence, county level"
240,DS001,3351,22,2022,Adults 18+,Overall,Overall,76.1,68.5,82.4,"Crude prevalence, county level"
241,DS001,2943,14,2023,Adults 18+,Overall,Overall,17.6,15.5,19.9,"Crude prevalence, county level"
242,DS001,3695,14,2023,Adults 18+,Overall,Overall,18.4,16.9,19.9,"Crude prevalence, county level"
243,DS001,2182,14,2023,Adults 18+,Overall,Overall,19.0,16.6,21.7,"Crude prevalence, county level"
244,DS001,2270,14,2023,Adults 18+,Overall,Overall,18.5,16.2,20.9,"Crude prevalence, county level"
245,DS001,3354,14,2023,Adults 18+,Overall,Overall,15.8,13.6,18.2,"Crude prevalence, county level"
246,DS001,2338,14,2023,Adults 18+,Overall,Overall,15.4,13.2,17.6,"Crude prevalence, county level"
247,DS001,3759,14,2023,Adults 18+,Overall,Overall,17.4,15.3,19.7,"Crude prevalence, county level"
248,DS001,3419,14,2023,Adults 18+,Overall,Overall,14.7,12.7,16.8,"Crude prevalence, county level"
249,DS001,3125,12,2023,Adults 18+,Overall,Overall,14.5,12.3,16.9,"Crude prevalence, county level"
250,DS001,3471,12,2023,Adults 18+,Overall,Overall,18.7,15.9,21.7,"Crude prevalence, county level"
251,DS001,2213,12,2023,Adults 18+,Overall,Overall,16.5,14.3,18.9,"Crude prevalence, county level"
252,DS001,2397,12,2023,Adults 18+,Overall,Overall,9.5,7.7,11.4,"Crude prevalence, county level"
253,DS001,3156,12,2023,Adults 18+,Overall,Overall,16.4,14.0,19.1,"Crude prevalence, county level"
254,DS001,2449,12,2023,Adults 18+,Overall,Overall,22.8,19.7,25.8,"Crude prevalence, county level"
255,DS001,3882,12,2023,Adults 18+,Overall,Overall,18.3,15.1,21.6,"Crude prevalence, county level"
256,DS001,3365,12,2023,Adults 18+,Overall,Overall,15.2,12.6,18.2,"Crude prevalence, county level"
257,DS001,3049,5,2023,Adults 18+,Overall,Overall,34.5,29.3,39.6,"Crude prevalence, county level"
258,DS001,3575,5,2023,Adults 18+,Overall,Overall,40.6,31.4,50.3,"Crude prevalence, county level"
259,DS001,1820,5,2023,Adults 18+,Overall,Overall,37.2,29.4,45.6,"Crude prevalence, county level"
260,DS001,2307,5,2023,Adults 18+,Overall,Overall,38.3,30.9,46.4,"Crude prevalence, county level"
261,DS001,3399,5,2023,Adults 18+,Overall,Overall,35.6,27.2,44.4,"Crude prevalence, county level"
262,DS001,2466,5,2023,Adults 18+,Overall,Overall,40.2,32.0,49.1,"Crude prevalence, county level"
263,DS001,3879,5,2023,Adults 18+,Overall,Overall,41.2,34.0,48.5,"Crude prevalence, county level"
264,DS001,3167,5,2023,Adults 18+,Overall,Overall,39.4,31.1,48.0,"Crude prevalence, county level"
265,DS001,3067,16,2023,Adults 18+,Overall,Overall,12.9,11.0,15.0,"Crude prevalence, county level"
266,DS001,3700,16,2023,Adults 18+,Overall,Overall,19.2,16.7,21.7,"Crude prevalence, county level"
267,DS001,2230,16,2023,Adults 18+,Overall,Overall,12.8,10.9,14.7,"Crude prevalence, county level"
268,DS001,2257,16,2023,Adults 18+,Overall,Overall,16.0,14.0,18.2,"Crude prevalence, county level"
269,DS001,3415,16,2023,Adults 18+,Overall,Overall,12.5,10.8,14.4,"Crude prevalence, county level"
270,DS001,2405,16,2023,Adults 18+,Overall,Overall,18.0,15.8,20.3,"Crude prevalence, county level"
271,DS001,3777,16,2023,Adults 18+,Overall,Overall,20.0,17.2,23.1,"Crude prevalence, county level"
272,DS001,3181,16,2023,Adults 18+,Overall,Overall,16.7,14.6,18.8,"Crude prevalence, county level"
273,DS001,3013,13,2023,Adults 18+,Overall,Overall,3.9,3.3,4.6,"Crude prevalence, county level"
274,DS001,3573,13,2023,Adults 18+,Overall,Overall,4.2,3.6,4.8,"Crude prevalence, county level"
275,DS001,2238,13,2023,Adults 18+,Overall,Overall,4.7,4.0,5.5,"Crude prevalence, county level"
276,DS001,2263,13,2023,Adults 18+,Overall,Overall,3.2,2.7,3.8,"Crude prevalence, county level"
277,DS001,3428,13,2023,Adults 18+,Overall,Overall,3.4,2.8,4.0,"Crude prevalence, county level"
278,DS001,2451,13,2023,Adults 18+,Overall,Overall,7.1,6.1,8.2,"Crude prevalence, county level"
279,DS001,3851,13,2023,Adults 18+,Overall,Overall,3.1,2.6,3.6,"Crude prevalence, county level"
280,DS001,3219,13,2023,Adults 18+,Overall,Overall,4.5,3.8,5.2,"Crude prevalence, county level"
281,DS001,2358,27,2023,Adults 18+,Overall,Overall,5.6,4.7,6.5,"Crude prevalence, county level"
282,DS001,4119,27,2023,Adults 18+,Overall,Overall,5.2,4.2,6.3,"Crude prevalence, county level"
283,DS001,1024,27,2023,Adults 18+,Overall,Overall,10.0,8.5,11.8,"Crude prevalence, county level"
284,DS001,2398,27,2023,Adults 18+,Overall,Overall,6.8,5.8,8.0,"Crude prevalence, county level"
285,DS001,1229,27,2023,Adults 18+,Overall,Overall,4.6,3.8,5.4,"Crude prevalence, county level"
286,DS001,1663,27,2023,Adults 18+,Overall,Overall,4.8,3.7,5.8,"Crude prevalence, county level"
287,DS001,1643,27,2023,Adults 18+,Overall,Overall,6.5,5.4,7.8,"Crude prevalence, county level"
288,DS001,2623,27,2023,Adults 18+,Overall,Overall,8.3,7.0,9.7,"Crude prevalence, county level"
289,DS001,4079,40,2022,Adults 18+,Overall,Overall,34.7,28.1,41.4,"Crude prevalence, county level"
290,DS001,4138,40,2022,Adults 18+,Overall,Overall,31.6,25.5,38.4,"Crude prevalence, county level"
291,DS001,2196,40,2022,Adults 18+,Overall,Overall,38.0,34.5,41.6,"Crude prevalence, county level"
292,DS001,3031,40,2022,Adults 18+,Overall,Overall,39.9,33.4,46.5,"Crude prevalence, county level"
293,DS001,3973,40,2022,Adults 18+,Overall,Overall,29.7,25.5,34.3,"Crude prevalence, county level"
294,DS001,3386,40,2022,Adults 18+,Overall,Overall,31.7,25.3,38.9,"Crude prevalence, county level"
295,DS001,2430,40,2022,Adults 18+,Overall,Overall,42.9,35.3,50.6,"Crude prevalence, county level"
296,DS001,3227,40,2022,Adults 18+,Overall,Overall,33.2,27.6,39.2,"Crude prevalence, county level"
297,DS001,2982,3,2023,Adults 18+,Overall,Overall,5.2,4.7,5.8,"Crude prevalence, county level"
298,DS001,3455,3,2023,Adults 18+,Overall,Overall,3.9,3.5,4.5,"Crude prevalence, county level"
299,DS001,1904,3,2023,Adults 18+,Overall,Overall,3.8,3.3,4.4,"Crude prevalence, county level"
300,DS001,2347,3,2023,Adults 18+,Overall,Overall,3.8,3.2,4.4,"Crude prevalence, county level"
301,DS001,3173,3,2023,Adults 18+,Overall,Overall,4.3,3.9,4.9,"Crude prevalence, county level"
302,DS001,2266,3,2023,Adults 18+,Overall,Overall,3.4,2.9,3.9,"Crude prevalence, county level"
303,DS001,3960,3,2023,Adults 18+,Overall,Overall,3.0,2.6,3.4,"Crude prevalence, county level"
304,DS001,3416,3,2023,Adults 18+,Overall,Overall,4.6,4.0,5.3,"Crude prevalence, county level"
305,DS001,4119,29,2022,Adults 18+,Overall,Overall,9.1,7.5,10.9,"Crude prevalence, county level"
306,DS001,4103,29,2022,Adults 18+,Overall,Overall,18.5,15.0,22.0,"Crude prevalence, county level"
307,DS001,2026,29,2022,Adults 18+,Overall,Overall,20.7,16.7,25.3,"Crude prevalence, county level"
308,DS001,3089,29,2022,Adults 18+,Overall,Overall,14.8,12.0,17.7,"Crude prevalence, county level"
309,DS001,4121,29,2022,Adults 18+,Overall,Overall,11.6,9.3,14.0,"Crude prevalence, county level"
310,DS001,3233,29,2022,Adults 18+,Overall,Overall,11.6,9.6,14.0,"Crude prevalence, county level"
311,DS001,2454,29,2022,Adults 18+,Overall,Overall,24.4,20.3,29.0,"Crude prevalence, county level"
312,DS001,3443,29,2022,Adults 18+,Overall,Overall,16.6,13.3,20.2,"Crude prevalence, county level"
313,DS001,2978,11,2023,Adults 18+,Overall,Overall,7.5,6.5,8.4,"Crude prevalence, county level"
314,DS001,3537,11,2023,Adults 18+,Overall,Overall,7.5,6.6,8.5,"Crude prevalence, county level"
315,DS001,1967,11,2023,Adults 18+,Overall,Overall,5.1,4.4,5.9,"Crude prevalence, county level"
316,DS001,2260,11,2023,Adults 18+,Overall,Overall,3.9,3.3,4.6,"Crude prevalence, county level"
317,DS001,3383,11,2023,Adults 18+,Overall,Overall,10.5,9.2,12.0,"Crude prevalence, county level"
318,DS001,2264,11,2023,Adults 18+,Overall,Overall,5.5,4.6,6.4,"Crude prevalence, county level"
319,DS001,3891,11,2023,Adults 18+,Overall,Overall,4.0,3.4,4.7,"Crude prevalence, county level"
320,DS001,3333,11,2023,Adults 18+,Overall,Overall,7.4,6.5,8.4,"Crude prevalence, county level"
